Domain_Name,Group,To_DO,Domain_Friendly,Keith_Test_Domain,Domain_Name_From_DJD
airbrushinstruction.com,AIR,landing,Airbrush Instruction,airbrushinstruction.keithcu.com,Airbrushinstruction.com
americacannibisseeds.com,CANN,landing,America Cannibis Seeds,americacannibisseeds.keithcu.com,Americacannibisseeds.com
americamarijuanaseeds.com,CANN,landing,America Marijuana Seeds,americamarijuanaseeds.keithcu.com,Americamarijuanaseeds.com
automotivecustompainting.com,AP,landing,Automotive Custom Painting,automotivecustompainting.keithcu.com,Automotivecustompainting.com
automotivepainting.us ,AP,landing,Automotive Painting,automotivepainting.us ,Automotivepainting.us
automotivepinstriping.com,AP,landing,Automotive Pinstriping,automotivepinstriping.keithcu.com,Automotivepinstriping.com
deepseaminingtechnology.com,DEEPSEA,landing,Deep Sea Mining Technology,deepseaminingtechnology.keithcu.com,Deepseaminingtechnology.com
deepseasurveying.com,DEEPSEA,landing,Deep Sea Surveying,deepseasurveying.keithcu.com,Deepseasurveying.com
deepwatermining.com,DEEPSEA,landing,Deep Water Mining,deepwatermining.keithcu.com,Deepwatermining.com
greenhabitation.com,GREEN,landing,Green Habitation,greenhabitation.keithcu.com,Greenhabitation.com
hydrogendevelopment.com,H,landing,Hydrogen Development,hydrogendevelopment.keithcu.com,Hydrogendevelopment.com
hydrogenexploration.com,H,landing,Hydrogen Exploration,hydrogenexploration.keithcu.com,Hydrogenexploration.com
hydrogenmaterial.com,H,landing,Hydrogen Material,hydrogenmaterial.keithcu.com,Hydrogenmaterial.com
hydrogenstoragecells.com,H,landing,Hydrogen Storage Cells,hydrogenstoragecells.keithcu.com,Hydrogenstoragecells.com
indicasativaseeds.com,CANN,landing,Indica Sativa Seeds,indicasativaseeds.keithcu.com,Indicasativaseeds.com
internationalmineralexploration.com,MINER,landing,International Mineral Exploration,internationalmineralexploration.keithcu.com,Internationalmineralexploration.com
lunartransporting.com,SPACE,landing,Lunar Transporting,lunartransporting.keithcu.com,Lunartransporting.com
marihuanamedicalseeds.com,CANN,landing,Marihuana Medical Seeds,marihuanamedicalseeds.keithcu.com,Marihuanamedicalseeds.com
marihuanaproducts.com,CANN,landing,Marihuana Products,marihuanaproducts.keithcu.com,Marihuanaseedsforsale.com
marihuanaseedsforsale.com,CANN,landing,Marihuana Seeds For Sale,marihuanaseedsforsale.keithcu.com,Marihunaproducts.com
marijuanamedicalproducts.com,CANN,landing,Marijuana Medical Products,marijuanamedicalproducts.keithcu.com,Marijuanamedicalscience.com
marijuanamedicalscience.com,CANN,landing,Marijuana Medical Science,marijuanamedicalscience.keithcu.com,Marijuanamedicalsupplies.com
marijuanamedicalsupplies.com,CANN,landing,Marijuana Medical Supplies,marijuanamedicalsupplies.keithcu.com,Marijuanasmokingsupplies.com
marijuanasmokingsupplies.com,CANN,landing,Marijuana Smoking Supplies,marijuanasmokingsupplies.keithcu.com,Marijuansmedicalproducts.com
marinediamondproducer.com,DEEPSEA,landing,Marine Diamond Producer,marinediamondproducer.keithcu.com,Marinediamondproducer.com
marinediamondproducers.com,DEEPSEA,landing,Marine Diamond Producers,marinediamondproducers.keithcu.com,Marinediamondproducers.com
marinediamondproduction.com,DEEPSEA,landing,Marine Diamond Production,marinediamondproduction.keithcu.com,Marinediamondproduction.com
oceanbedmining.com,DEEPSEA,landing,Ocean Bed Mining,oceanbedmining.keithcu.com,Oceanbedmining.com
oceanfloormining.com,DEEPSEA,landing,Ocean Floor Mining,oceanfloormining.keithcu.com,Oceanfloormining.com
offshorediamondexploration.com,DEEPSEA,landing,Offshore Diamond Exploration,offshorediamondexploration.keithcu.com,Offshorediamondexploration.com
offshorediamondmining.com,DEEPSEA,landing,Offshore Diamond Mining,offshorediamondmining.keithcu.com,Offshorediamondmining.com
offshoremineralmining.com,DEEPSEA,landing,Offshore Mineral Mining,offshoremineralmining.keithcu.com,Offshoremineralmining.com
offshorewindfarming.com,WIND,landing,Offshore Wind Farming,offshorewindfarming.keithcu.com,Offshorewindfarming.com
reeferforsale.com,CANN,landing,Reefer For Sale,reeferforsale.keithcu.com,Reeferforsale.com
seabedsurveying.com,DEEPSEA,landing,Seabed Surveying,seabedsurveying.keithcu.com,Seabedsurveying.com
solarorbitor.com,SPACE,landing,Solar Orbitor,solarorbitor.keithcu.com,Solarorbitor.com
spaceinterprises.com,SPACE,landing,Space Interprises,spaceinterprises.keithcu.com,Spaceinterprises.com
underwatermining.com,DEEPSEA,landing,Underwater Mining,underwatermining.keithcu.com,Underwaterminning.com
underwatersurveying.com,DEEPSEA,landing,Underwater Surveying,underwatersurveying.keithcu.com,Underwatersurveying.com
